sequence_id,frame_number,source_device,mode,controller_sent_pulse,capture_start,encode_complete,send_start,receive_start,inference_start,inference_complete,send_result,controller_received,total_latency_us,rsu_overhead_us,network_latency_us,zp_processing_us,zp_queueing_us,inference_time_us,frame_size_bytes,detection_count,model_name,codec,tier,resolution
0,1,RSU-0002,Offload,1769334081982085,1769334081992662,1769334081993866,1769334081993866,1769334082401782,1769334082401782,1769334083144004,1769334083144004,1769334083145255,1163170,1204,419577,742222,167,742222,1352865,17,yolov5m,PngLossless,T2,FHD
0,1,RSU-0001,Offload,1769334081982085,1769334081985563,1769334081986513,1769334081986513,1769334083146844,1769334083146845,1769334084020088,1769334084020088,1769334084021676,2039591,950,1165208,873244,189,873243,1352865,17,yolov5m,PngLossless,T2,FHD
2,7,RSU-0000,Offload,1769334082183916,1769334082188215,1769334082189292,1769334082189292,1769334084020117,1769334084020117,1769334084856178,1769334084856178,1769334084916645,2732729,1077,1806184,836061,89407,836061,1147699,18,yolov5m,PngLossless,T2,FHD
2,7,RSU-0001,Offload,1769334082183933,1769334082188918,1769334082189912,1769334082189912,1769334084856209,1769334084856209,1769334085693422,1769334085693422,1769334085777079,3593146,994,1771138,837213,983801,837213,1147699,18,yolov5m,PngLossless,T2,FHD
6,19,RSU-0002,Offload,1769334082590550,1769334082595017,1769334082596534,1769334082596534,1769334085693451,1769334085693451,1769334086525736,1769334086525736,1769334086674536,4083986,1517,1556292,832285,1693892,832285,794923,18,yolov5m,PngLossless,T2,FHD
10,31,RSU-0000,Offload,1769334082996332,1769334083003816,1769334083005195,1769334083005195,1769334086525771,1769334086525772,1769334087345921,1769334087345921,1769334087517264,4520932,1379,3512522,820150,186881,820149,792254,19,yolov5m,PngLossless,T2,FHD
19,58,RSU-0001,Offload,1769334083906902,1769334083912849,1769334083913480,1769334083913481,1769334087345946,1769334087345947,1769334088169389,1769334088169390,1769334088382870,4475968,632,2758773,823444,893119,823442,801129,23,yolov5m,PngLossless,T2,FHD
26,79,RSU-0002,Offload,1769334084616114,1769334084623277,1769334084624105,1769334084624105,1769334088169420,1769334088169420,1769334088996042,1769334088996042,1769334089163121,4547007,828,1951018,826622,1768539,826622,807226,23,yolov5m,PngLossless,T2,FHD
19,58,RSU-0000,Offload,1769334083906890,1769334083921149,1769334083921886,1769334083921886,1769334088996137,1769334088996137,1769334089826286,1769334089826286,1769334090071493,6164603,737,5190948,830149,142769,830149,801129,23,yolov5m,PngLossless,T2,FHD
35,106,RSU-0001,Offload,1769334085529848,1769334085533077,1769334085533787,1769334085533787,1769334089826317,1769334089826317,1769334090647814,1769334090647814,1769334091018496,5488648,710,3832119,821497,834322,821497,820705,24,yolov5m,PngLossless,T2,FHD
44,133,RSU-0002,Offload,1769334086442379,1769334086458775,1769334086460594,1769334086460594,1769334090647845,1769334090647845,1769334091473572,1769334091473572,1769334091913346,5470967,1819,2991595,825727,1651826,825727,822100,23,yolov5m,PngLossless,T2,FHD
27,82,RSU-0000,Offload,1769334084716960,1769334084723097,1769334084724594,1769334084724594,1769334091473612,1769334091473612,1769334092294266,1769334092294266,1769334092418827,7701867,1497,6582913,820654,296803,820654,807429,24,yolov5m,PngLossless,T2,FHD
49,148,RSU-0001,Offload,1769334086948292,1769334086953877,1769334086954615,1769334086954616,1769334092294296,1769334092294296,1769334093117386,1769334093117386,1769334093150832,6202540,739,4502351,823090,876360,823090,826239,23,yolov5m,PngLossless,T2,FHD
60,181,RSU-0002,Offload,1769334088061426,1769334088068759,1769334088070358,1769334088070359,1769334093117422,1769334093117422,1769334093943306,1769334093943306,1769334093992858,5931432,1600,3349442,825884,1754506,825884,816473,23,yolov5m,PngLossless,T2,FHD
38,115,RSU-0000,Offload,1769334085834600,1769334085841816,1769334085842547,1769334085842547,1769334093943344,1769334093943345,1769334094769726,1769334094769726,1769334095153143,9318543,731,8422900,826382,68530,826381,822446,24,yolov5m,PngLossless,T2,FHD
62,187,RSU-0001,Offload,1769334088263910,1769334088267544,1769334088268294,1769334088268295,1769334094769754,1769334094769754,1769334095602227,1769334095602227,1769334095645328,7381418,751,5655396,832473,892798,832473,814684,21,yolov5m,PngLossless,T2,FHD
80,241,RSU-0002,Offload,1769334090090909,1769334090097627,1769334090099320,1769334090099320,1769334095602258,1769334095602258,1769334096433433,1769334096433433,1769334096904712,6813803,1693,4201410,831175,1779525,831175,817944,24,yolov5m,PngLossless,T2,FHD
49,148,RSU-0000,Offload,1769334086948281,1769334086954985,1769334086956698,1769334086956698,1769334096433469,1769334096433470,1769334097262555,1769334097262555,1769334097702613,10754332,1713,9725240,829086,198293,829085,826239,23,yolov5m,PngLossless,T2,FHD
80,241,RSU-0001,Offload,1769334090090908,1769334090095452,1769334090096217,1769334090096217,1769334097262587,1769334097262587,1769334098085238,1769334098085238,1769334098344326,8253418,765,6560177,822651,869825,822651,817944,24,yolov5m,PngLossless,T2,FHD
98,295,RSU-0002,Offload,1769334091916511,1769334091934372,1769334091935810,1769334091935810,1769334098085271,1769334098085271,1769334098907116,1769334098907116,1769334099475463,7558952,1438,4994843,821845,1740826,821845,816588,20,yolov5m,PngLossless,T2,FHD
60,181,RSU-0000,Offload,1769334088061410,1769334088067534,1769334088068905,1769334088068905,1769334098907169,1769334098907169,1769334099717139,1769334099717139,1769334100007958,11946548,1371,10998879,809970,136328,809970,816473,23,yolov5m,PngLossless,T2,FHD
94,283,RSU-0001,Offload,1769334091510661,1769334091538322,1769334091539259,1769334091539260,1769334099717169,1769334099717169,1769334100541234,1769334100541235,1769334100575497,9064836,938,7196220,824066,1043612,824065,822919,21,yolov5m,PngLossless,T2,FHD
115,346,RSU-0002,Offload,1769334093637917,1769334093766663,1769334093767406,1769334093767406,1769334100541263,1769334100541263,1769334101375945,1769334101375946,1769334101422775,7784858,743,5257755,834683,1691677,834682,813334,18,yolov5m,PngLossless,T2,FHD
71,214,RSU-0000,Offload,1769334089178323,1769334089208027,1769334089209439,1769334089209440,1769334101375986,1769334101375986,1769334102201402,1769334102201402,1769334102701058,13522735,1413,12659133,825416,36773,825416,818715,23,yolov5m,PngLossless,T2,FHD
109,328,RSU-0001,Offload,1769334093029832,1769334093035767,1769334093036483,1769334093036483,1769334102201432,1769334102201432,1769334103029747,1769334103029747,1769334103408868,10379036,716,8411526,828315,1138479,828315,806190,21,yolov5m,PngLossless,T2,FHD
131,394,RSU-0002,Offload,1769334095261434,1769334095299221,1769334095299973,1769334095299974,1769334103029784,1769334103029784,1769334103848247,1769334103848247,1769334104337813,9076379,753,6437381,818463,1819782,818463,805771,19,yolov5m,PngLossless,T2,FHD
84,253,RSU-0000,Offload,1769334090496547,1769334090502096,1769334090503549,1769334090503550,1769334103848280,1769334103848280,1769334104646610,1769334104646610,1769334105312588,14816041,1454,13884330,798330,131927,798330,822588,22,yolov5m,PngLossless,T2,FHD
126,379,RSU-0001,Offload,1769334094753820,1769334094763056,1769334094763730,1769334094763730,1769334104646643,1769334104646643,1769334105447921,1769334105447922,1769334105853901,11100081,674,9279280,801279,1018848,801278,802901,21,yolov5m,PngLossless,T2,FHD
144,433,RSU-0002,Offload,1769334096580527,1769334096589922,1769334096590619,1769334096590620,1769334105447952,1769334105447953,1769334106270701,1769334106270702,1769334106581623,10001096,698,7346714,822750,1830934,822748,795103,18,yolov5m,PngLossless,T2,FHD
95,286,RSU-0000,Offload,1769334091612354,1769334091617642,1769334091618326,1769334091618327,1769334106270741,1769334106270742,1769334107077909,1769334107077909,1769334107709692,16097338,685,15212023,807168,77462,807167,822598,20,yolov5m,PngLossless,T2,FHD
136,409,RSU-0001,Offload,1769334095768286,1769334095773740,1769334095774370,1769334095774371,1769334107077939,1769334107077939,1769334107878093,1769334107878093,1769334108627020,12858734,631,10942789,800154,1115160,800154,800908,19,yolov5m,PngLossless,T2,FHD
156,469,RSU-0002,Offload,1769334097797260,1769334097879119,1769334097879819,1769334097879820,1769334107878121,1769334107878122,1769334108679500,1769334108679500,1769334109172646,11375386,701,8740927,801379,1832379,801378,802478,20,yolov5m,PngLossless,T2,FHD
105,316,RSU-0000,Offload,1769334092624606,1769334093309671,1769334093310741,1769334093310742,1769334108679546,1769334108679546,1769334109494854,1769334109494854,1769334109954307,17329701,1071,16423217,815308,90105,815308,810859,21,yolov5m,PngLossless,T2,FHD
148,445,RSU-0001,Offload,1769334096986181,1769334096993531,1769334096994212,1769334096994212,1769334109494885,1769334109494885,1769334110305847,1769334110305847,1769334110678125,13691944,681,11908212,810962,972089,810962,806643,23,yolov5m,PngLossless,T2,FHD
167,502,RSU-0002,Offload,1769334098912174,1769334098936890,1769334098938349,1769334098938350,1769334110305875,1769334110305875,1769334111102600,1769334111102600,1769334111537409,12625235,1460,9913132,796725,1913918,796725,810776,21,yolov5m,PngLossless,T2,FHD
117,352,RSU-0000,Offload,1769334093841578,1769334096216261,1769334096217567,1769334096217567,1769334111102632,1769334111102632,1769334111895857,1769334111895857,1769334112426491,18584913,1306,17725165,793225,65217,793225,813477,21,yolov5m,PngLossless,T2,FHD
162,487,RSU-0001,Offload,1769334098404838,1769334098902587,1769334098904431,1769334098904431,1769334111895886,1769334111895886,1769334112695480,1769334112695480,1769334113146509,14741671,1844,13025931,799594,914302,799594,800572,19,yolov5m,PngLossless,T2,FHD
179,538,RSU-0002,Offload,1769334100126611,1769334100238974,1769334100239677,1769334100239678,1769334112695511,1769334112695511,1769334113518401,1769334113518401,1769334113655342,13528731,704,11082229,822890,1622908,822890,803749,23,yolov5m,PngLossless,T2,FHD
128,385,RSU-0000,Offload,1769334094957561,1769334098924667,1769334098925823,1769334098925823,1769334113518438,1769334113518438,1769334114338189,1769334114338190,1769334114656146,19698585,1156,18619952,819752,257725,819751,802536,21,yolov5m,PngLossless,T2,FHD
174,523,RSU-0001,Offload,1769334099618881,1769334100738856,1769334100739914,1769334100739915,1769334114338221,1769334114338221,1769334115159695,1769334115159695,1769334115511882,15893001,1059,14118058,821474,952410,821474,808308,20,yolov5m,PngLossless,T2,FHD
192,577,RSU-0002,Offload,1769334101446267,1769334101535045,1769334101535796,1769334101535797,1769334115159721,1769334115159721,1769334115988537,1769334115988537,1769334116554276,15108009,752,12616578,828816,1661863,828816,805987,22,yolov5m,PngLossless,T2,FHD
139,418,RSU-0000,Offload,1769334096072534,1769334100734941,1769334100736095,1769334100736096,1769334115988570,1769334115988570,1769334116797824,1769334116797824,1769334116952848,20880314,1155,20010644,809254,59261,809254,801749,19,yolov5m,PngLossless,T2,FHD
190,571,RSU-0001,Offload,1769334101242664,1769334102913501,1769334102914569,1769334102914569,1769334116797850,1769334116797850,1769334117621652,1769334117621652,1769334117719537,16476873,1068,14704325,823802,947678,823802,804322,21,yolov5m,PngLossless,T2,FHD
207,622,RSU-0002,Offload,1769334102968912,1769334102979767,1769334102980512,1769334102980512,1769334117621694,1769334117621694,1769334118442919,1769334118442919,1769334119123556,16154644,745,13413886,821225,1918788,821225,827582,23,yolov5m,PngLossless,T2,FHD
150,451,RSU-0000,Offload,1769334097188554,1769334103435386,1769334103436303,1769334103436304,1769334118442962,1769334118442962,1769334119247019,1769334119247020,1769334119546522,22357968,918,21345661,804058,207331,804057,806445,22,yolov5m,PngLossless,T2,FHD
205,616,RSU-0001,Offload,1769334102766409,1769334106526693,1769334106527738,1769334106527739,1769334119247051,1769334119247051,1769334120052100,1769334120052100,1769334120426658,17660249,1046,16003477,805049,850677,805049,825994,23,yolov5m,PngLossless,T2,FHD
222,667,RSU-0002,Offload,1769334104489094,1769334105850660,1769334105851877,1769334105851878,1769334120052133,1769334120052134,1769334120860260,1769334120860260,1769334121202749,16713655,1218,14116429,808127,1787881,808126,831252,21,yolov5m,PngLossless,T2,FHD
159,478,RSU-0000,Offload,1769334098100887,1769334105460392,1769334105461504,1769334105461505,1769334120860313,1769334120860313,1769334121688186,1769334121688186,1769334121853388,23752501,1113,22579152,827873,344363,827873,804138,18,yolov5m,PngLossless,T2,FHD
217,652,RSU-0001,Offload,1769334103982965,1769334108670046,1769334108670859,1769334108670859,1769334121688215,1769334121688215,1769334122522597,1769334122522597,1769334122758182,18775217,813,16948157,834382,991865,834382,828170,25,yolov5m,PngLossless,T2,FHD
234,703,RSU-0002,Offload,1769334105704265,1769334108653234,1769334108654434,1769334108654435,1769334122522629,1769334122522630,1769334123345482,1769334123345482,1769334123513045,17808780,1201,15217280,822853,1767446,822852,828028,25,yolov5m,PngLossless,T2,FHD
173,520,RSU-0000,Offload,1769334099518249,1769334108636307,1769334108639230,1769334108639231,1769334123345521,1769334123345521,1769334124165423,1769334124165423,1769334124565885,25047636,2924,23855792,819902,369018,819902,813268,22,yolov5m,PngLossless,T2,FHD
233,700,RSU-0001,Offload,1769334105602685,1769334112060639,1769334112061748,1769334112061748,1769334124165453,1769334124165453,1769334124996466,1769334124996466,1769334125457895,19855210,1109,18141810,831013,881278,831013,824382,25,yolov5m,PngLossless,T2,FHD
249,748,RSU-0002,Offload,1769334107221165,1769334111547318,1769334111548387,1769334111548388,1769334124996500,1769334124996500,1769334125810525,1769334125810525,1769334126185165,18964000,1070,16475047,814025,1673858,814025,845286,26,yolov5m,PngLossless,T2,FHD
183,550,RSU-0000,Offload,1769334100533302,1769334110674593,1769334110675440,1769334110675440,1769334125810592,1769334125810592,1769334126639474,1769334126639475,1769334126900479,26367177,847,25450968,828883,86479,828882,804115,21,yolov5m,PngLossless,T2,FHD
251,754,RSU-0001,Offload,1769334107423666,1769334114816308,1769334114817333,1769334114817333,1769334126639506,1769334126639506,1769334127468255,1769334127468255,1769334127735378,20311712,1025,18638402,828749,843536,828749,836907,24,yolov5m,PngLossless,T2,FHD
263,790,RSU-0002,Offload,1769334108640388,1769334113934443,1769334113935569,1769334113935570,1769334127468287,1769334127468287,1769334128290413,1769334128290413,1769334128817436,20177048,1127,17496391,822126,1857404,822126,846640,23,yolov5m,PngLossless,T2,FHD
196,589,RSU-0000,Offload,1769334101850994,1769334113256081,1769334113257275,1769334113257276,1769334128290450,1769334128290450,1769334129114494,1769334129114494,1769334129512453,27661459,1195,26770230,824044,65990,824044,808299,21,yolov5m,PngLossless,T2,FHD
264,793,RSU-0001,Offload,1769334108741883,1769334117022354,1769334117023412,1769334117023412,1769334129114521,1769334129114522,1769334129934842,1769334129934842,1769334130449943,21708060,1058,20050544,820321,836137,820320,843995,22,yolov5m,PngLossless,T2,FHD
279,838,RSU-0002,Offload,1769334110262798,1769334116890569,1769334116891329,1769334116891329,1769334129934873,1769334129934873,1769334130743994,1769334130743995,1769334131167623,20904825,760,18349179,809122,1745764,809121,856774,22,yolov5m,PngLossless,T2,FHD
209,628,RSU-0000,Offload,1769334103172039,1769334116206901,1769334116208052,1769334116208053,1769334130744047,1769334130744047,1769334131568922,1769334131568922,1769334131573006,28400967,1152,27512942,824875,61998,824875,819756,24,yolov5m,PngLossless,T2,FHD
276,829,RSU-0001,Offload,1769334109958841,1769334119162724,1769334119164938,1769334119164939,1769334131568953,1769334131568953,1769334132394205,1769334132394206,1769334133403000,23444159,2215,21628669,825253,988022,825252,847942,20,yolov5m,PngLossless,T2,FHD
291,874,RSU-0002,Offload,1769334111478599,1769334118557585,1769334118558867,1769334118558867,1769334132394234,1769334132394234,1769334133202441,1769334133202441,1769334133825393,22346794,1282,19792124,808207,1745181,808207,879369,24,yolov5m,PngLossless,T2,FHD
219,658,RSU-0000,Offload,1769334104185039,1769334118544421,1769334118545534,1769334118545534,1769334133202482,1769334133202482,1769334134006635,1769334134006635,1769334134668720,30483681,1113,29248003,804153,430412,804153,827080,25,yolov5m,PngLossless,T2,FHD
289,868,RSU-0001,Offload,1769334111276315,1769334121286729,1769334121287796,1769334121287796,1769334134006679,1769334134006679,1769334134792464,1769334134792464,1769334135616868,24340553,1067,22541262,785785,1012439,785785,882282,24,yolov5m,PngLossless,T2,FHD
305,916,RSU-0002,Offload,1769334112900344,1769334121278290,1769334121279536,1769334121279536,1769334134792494,1769334134792494,1769334135587481,1769334135587482,1769334135636630,22736286,1246,20261926,794988,1678126,794987,799261,23,yolov5m,PngLossless,T2,FHD
230,691,RSU-0000,Offload,1769334105298897,1769334121219255,1769334121220438,1769334121220439,1769334135587520,1769334135587520,1769334136390767,1769334136390767,1769334136506761,31207864,1184,30384710,803247,18723,803247,831455,23,yolov5m,PngLossless,T2,FHD
298,895,RSU-0001,Offload,1769334112189090,1769334122881358,1769334122882350,1769334122882350,1769334136390798,1769334136390798,1769334137189047,1769334137189047,1769334137353690,25164600,992,23318863,798249,1046496,798249,844393,22,yolov5m,PngLossless,T2,FHD
316,949,RSU-0002,Offload,1769334114016288,1769334123477694,1769334123478986,1769334123478987,1769334137189085,1769334137189085,1769334137992030,1769334137992030,1769334138223764,24207476,1293,21646565,802945,1756673,802945,774053,20,yolov5m,PngLossless,T2,FHD
239,718,RSU-0000,Offload,1769334106208854,1769334122773703,1769334122774953,1769334122774954,1769334137992070,1769334137992070,1769334138799407,1769334138799407,1769334139180100,32971246,1251,32137999,807337,24659,807337,825134,26,yolov5m,PngLossless,T2,FHD
308,925,RSU-0001,Offload,1769334113203141,1769334124179331,1769334124180355,1769334124180356,1769334138799442,1769334138799442,1769334139625908,1769334139625908,1769334139835728,26632587,1025,24979188,826466,825908,826466,796874,24,yolov5m,PngLossless,T2,FHD
328,985,RSU-0002,Offload,1769334115232362,1769334124837674,1769334124838489,1769334124838490,1769334139625940,1769334139625941,1769334140451126,1769334140451126,1769334140565880,25333518,816,22761861,825186,1745655,825185,789831,18,yolov5m,PngLossless,T2,FHD
253,760,RSU-0000,Offload,1769334107625880,1769334126185447,1769334126186487,1769334126186487,1769334140451160,1769334140451160,1769334141277003,1769334141277003,1769334141373393,33747513,1040,32867112,825843,53518,825843,839948,22,yolov5m,PngLossless,T2,FHD
322,967,RSU-0001,Offload,1769334114626277,1769334126357149,1769334126358301,1769334126358301,1769334141277032,1769334141277032,1769334142103125,1769334142103125,1769334142513190,27886913,1152,26074752,826093,984916,826093,784246,20,yolov5m,PngLossless,T2,FHD
342,1027,RSU-0002,Offload,1769334116648908,1769334127602773,1769334127603582,1769334127603583,1769334142103157,1769334142103157,1769334142930623,1769334142930624,1769334143706132,27057224,810,24489621,827467,1739326,827466,784490,19,yolov5m,PngLossless,T2,FHD
267,802,RSU-0000,Offload,1769334109045610,1769334128839849,1769334128840476,1769334128840476,1769334142930668,1769334142930668,1769334143751097,1769334143751097,1769334143802697,34757087,627,33882750,820429,53281,820429,840137,20,yolov5m,PngLossless,T2,FHD
338,1015,RSU-0001,Offload,1769334116243571,1769334129515908,1769334129516870,1769334129516870,1769334143751125,1769334143751125,1769334144579020,1769334144579020,1769334144898675,28655104,962,26933650,827895,892597,827895,783238,17,yolov5m,PngLossless,T2,FHD
356,1069,RSU-0002,Offload,1769334118064494,1769334129858858,1769334129859950,1769334129859950,1769334144579050,1769334144579050,1769334145395152,1769334145395152,1769334145941306,27876812,1092,25295032,816102,1764586,816102,776273,16,yolov5m,PngLossless,T2,FHD
281,844,RSU-0000,Offload,1769334110465001,1769334131446507,1769334131447369,1769334131447370,1769334145395215,1769334145395215,1769334146219083,1769334146219083,1769334146952253,36487252,863,35644717,823868,17804,823868,851065,22,yolov5m,PngLossless,T2,FHD
354,1063,RSU-0001,Offload,1769334117861476,1769334132383249,1769334132384690,1769334132384690,1769334146219117,1769334146219117,1769334147007252,1769334147007252,1769334147655988,29794512,1441,28127777,788135,877159,788135,779842,17,yolov5m,PngLossless,T2,FHD
368,1105,RSU-0002,Offload,1769334119280275,1769334132408760,1769334132409693,1769334132409694,1769334147007284,1769334147007285,1769334147836057,1769334147836057,1769334148384340,29104065,934,26241835,828773,2032523,828772,786201,16,yolov5m,PngLossless,T2,FHD
292,877,RSU-0000,Offload,1769334111579793,1769334134520520,1769334134521814,1769334134521815,1769334147836091,1769334147836091,1769334148660197,1769334148660197,1769334148800515,37220722,1295,36333180,824106,62141,824106,879975,22,yolov5m,PngLossless,T2,FHD
365,1096,RSU-0001,Offload,1769334118976915,1769334135620316,1769334135621392,1769334135621392,1769334148660223,1769334148660223,1769334149482378,1769334149482378,1769334149863892,30886977,1076,29079542,822155,984204,822155,784768,17,yolov5m,PngLossless,T2,FHD
382,1147,RSU-0002,Offload,1769334120701332,1769334135112879,1769334135114144,1769334135114145,1769334149482406,1769334149482406,1769334150305998,1769334150305998,1769334150677273,29975941,1266,27206692,823592,1944391,823592,787037,16,yolov5m,PngLossless,T2,FHD
305,916,RSU-0000,Offload,1769334112900326,1769334137401375,1769334137402319,1769334137402319,1769334150306033,1769334150306033,1769334151135603,1769334151135603,1769334151538830,38638504,944,37677476,829570,130514,829570,799261,23,yolov5m,PngLossless,T2,FHD
381,1144,RSU-0001,Offload,1769334120599626,1769334139182618,1769334139183763,1769334139183763,1769334151135637,1769334151135637,1769334151950934,1769334151950934,1769334152519495,31919869,1145,30141953,815297,961474,815297,790487,16,yolov5m,PngLossless,T2,FHD
396,1189,RSU-0002,Offload,1769334122118627,1769334138233662,1769334138234718,1769334138234719,1769334151950966,1769334151950967,1769334152760197,1769334152760197,1769334153129799,31011172,1057,28504211,809231,1696673,809230,783652,16,yolov5m,PngLossless,T2,FHD
319,958,RSU-0000,Offload,1769334114320546,1769334140233999,1769334140235106,1769334140235107,1769334152760242,1769334152760242,1769334153589986,1769334153589986,1769334153860670,39540124,1108,38444372,829744,264900,829744,777412,18,yolov5m,PngLossless,T2,FHD
394,1183,RSU-0001,Offload,1769334121916259,1769334141371696,1769334141372846,1769334141372846,1769334153590015,1769334153590015,1769334154419717,1769334154419717,1769334154775343,32859084,1150,31128986,829702,899246,829702,779375,16,yolov5m,PngLossless,T2,FHD
410,1231,RSU-0002,Offload,1769334123536347,1769334140513781,1769334140514607,1769334140514608,1769334154419749,1769334154419749,1769334155239919,1769334155239919,1769334155303321,31766974,827,29218448,820170,1727529,820170,780876,16,yolov5m,PngLossless,T2,FHD
335,1006,RSU-0000,Offload,1769334115940273,1769334142676803,1769334142677704,1769334142677704,1769334155239958,1769334155239958,1769334156068404,1769334156068405,1769334156584458,40644185,901,39784285,828447,30552,828446,782217,19,yolov5m,PngLossless,T2,FHD
411,1234,RSU-0001,Offload,1769334123637102,1769334143776933,1769334143778025,1769334143778025,1769334156068435,1769334156068435,1769334156901848,1769334156901848,1769334157209454,33572352,1092,31718921,833413,1018926,833413,779350,16,yolov5m,PngLossless,T2,FHD
426,1279,RSU-0002,Offload,1769334125157299,1769334142977495,1769334142978843,1769334142978844,1769334156901879,1769334156901879,1769334157736241,1769334157736241,1769334157861011,32703712,1349,30204619,834362,1663382,834362,784896,17,yolov5m,PngLossless,T2,FHD
351,1054,RSU-0000,Offload,1769334117558073,1769334146005876,1769334146006991,1769334146006992,1769334157736279,1769334157736279,1769334158547394,1769334158547394,1769334158874795,41316722,1116,40418530,811115,85961,811115,777938,17,yolov5m,PngLossless,T2,FHD
429,1288,RSU-0001,Offload,1769334125460249,1769334147220506,1769334147221515,1769334147221515,1769334158547429,1769334158547429,1769334159360546,1769334159360546,1769334159870119,34409870,1009,32762403,813117,833341,813117,784108,17,yolov5m,PngLossless,T2,FHD
441,1324,RSU-0002,Offload,1769334126675158,1769334146012210,1769334146013393,1769334146013394,1769334159360578,1769334159360578,1769334160198990,1769334160198990,1769334160211528,33536370,1184,31059187,838412,1637587,838412,787159,20,yolov5m,PngLossless,T2,FHD
363,1090,RSU-0000,Offload,1769334118773605,1769334148395614,1769334148396777,1769334148396777,1769334160199033,1769334160199033,1769334161023161,1769334161023162,1769334161032312,42258707,1163,41316861,824129,116554,824128,782484,17,yolov5m,PngLossless,T2,FHD
443,1330,RSU-0001,Offload,1769334126876897,1769334149525043,1769334149526003,1769334149526004,1769334161023189,1769334161023189,1769334161837362,1769334161837362,1769334162358302,35481405,961,33764505,814173,901766,814173,788764,21,yolov5m,PngLossless,T2,FHD
456,1369,RSU-0002,Offload,1769334128193189,1769334148787610,1769334148788696,1769334148788696,1769334161837389,1769334161837389,1769334162657540,1769334162657540,1769334163179455,34986266,1086,32369364,820151,1795665,820151,793401,19,yolov5m,PngLossless,T2,FHD
374,1123,RSU-0000,Offload,1769334119889370,1769334150505981,1769334150507076,1769334150507076,1769334162657576,1769334162657576,1769334163469423,1769334163469424,1769334163846798,43957428,1095,42793878,811848,350607,811847,777538,17,yolov5m,PngLossless,T2,FHD
461,1384,RSU-0001,Offload,1769334128698881,1769334152522668,1769334152523585,1769334152523585,1769334163469456,1769334163469456,1769334164302784,1769334164302784,1769334164569013,35870132,917,34161654,833328,874233,833328,803970,19,yolov5m,PngLossless,T2,FHD
475,1426,RSU-0002,Offload,1769334130118312,1769334152524838,1769334152526250,1769334152526251,1769334164302811,1769334164302811,1769334165133685,1769334165133686,1769334165679877,35561565,1413,33080074,830875,1649203,830874,788025,18,yolov5m,PngLossless,T2,FHD
388,1165,RSU-0000,Offload,1769334121307657,1769334153113337,1769334153114451,1769334153114452,1769334165133722,1769334165133722,1769334165945705,1769334165945705,1769334166578115,45270458,1115,44435750,811983,21610,811983,781819,17,yolov5m,PngLossless,T2,FHD
478,1435,RSU-0001,Offload,1769334130421588,1769334155296032,1769334155297003,1769334155297003,1769334165945734,1769334165945735,1769334166773912,1769334166773912,1769334167391269,36969681,971,35193906,828178,946626,828177,786519,17,yolov5m,PngLossless,T2,FHD
489,1468,RSU-0002,Offload,1769334131539951,1769334154627088,1769334154628239,1769334154628240,1769334166773942,1769334166773943,1769334167588082,1769334167588082,1769334167735633,36195682,1152,33450575,814140,1929815,814139,808741,19,yolov5m,PngLossless,T2,FHD
401,1204,RSU-0000,Offload,1769334122626071,1769334154937946,1769334154938926,1769334154938926,1769334167588120,1769334167588120,1769334168400674,1769334168400674,1769334169071554,46445483,980,45594359,812554,37590,812554,785905,15,yolov5m,PngLossless,T2,FHD
492,1477,RSU-0001,Offload,1769334131845152,1769334157286151,1769334157287185,1769334157287185,1769334168400712,1769334168400712,1769334169235947,1769334169235947,1769334169926922,38081770,1034,36076898,835235,1168603,835235,806152,18,yolov5m,PngLossless,T2,FHD
502,1507,RSU-0002,Offload,1769334132859551,1769334156591588,1769334156592664,1769334156592665,1769334169235984,1769334169235984,1769334170055309,1769334170055309,1769334170414117,37554566,1077,35007782,819325,1726382,819325,792142,17,yolov5m,PngLossless,T2,FHD
412,1237,RSU-0000,Offload,1769334123737831,1769334156688289,1769334156689333,1769334156689333,1769334170055348,1769334170055348,1769334170852813,1769334170852813,1769334171085363,47347532,1044,46384691,797465,164332,797465,783398,16,yolov5m,PngLossless,T2,FHD
503,1510,RSU-0001,Offload,1769334132961378,1769334158819492,1769334158820474,1769334158820474,1769334170852842,1769334170852842,1769334171661860,1769334171661860,1769334172238418,39277040,982,37605667,809018,861373,809018,790219,17,yolov5m,PngLossless,T2,FHD
513,1540,RSU-0002,Offload,1769334133973428,1769334157930045,1769334157931125,1769334157931125,1769334171661886,1769334171661886,1769334172461373,1769334172461374,1769334172549847,38576419,1080,35901804,799488,1874047,799487,790111,14,yolov5m,PngLossless,T2,FHD
422,1267,RSU-0000,Offload,1769334124751416,1769334158634911,1769334158636165,1769334158636165,1769334172461409,1769334172461409,1769334173252439,1769334173252439,1769334173366067,48614651,1254,47798583,791030,23784,791030,783148,17,yolov5m,PngLossless,T2,FHD
513,1540,RSU-0001,Offload,1769334133973426,1769334160198851,1769334160199920,1769334160199921,1769334173252472,1769334173252472,1769334174073362,1769334174073362,1769334174450155,40476729,1070,38771196,820890,883573,820890,790111,14,yolov5m,PngLossless,T2,FHD
524,1573,RSU-0002,Offload,1769334135089202,1769334159951792,1769334159952905,1769334159952905,1769334174073395,1769334174073395,1769334174883178,1769334174883178,1769334175629495,40540293,1113,37853428,809783,1875969,809783,795451,14,yolov5m,PngLossless,T2,FHD
433,1300,RSU-0000,Offload,1769334125865278,1769334160230246,1769334160231325,1769334160231326,1769334174883216,1769334174883216,1769334175691114,1769334175691114,1769334176411908,50546630,1080,49651702,807898,85950,807898,774298,18,yolov5m,PngLossless,T2,FHD
525,1576,RSU-0001,Offload,1769334135189766,1769334161742054,1769334161743063,1769334161743064,1769334175691145,1769334175691145,1769334176504630,1769334176504630,1769334177216676,42026910,1010,40198608,813485,1013807,813485,794811,14,yolov5m,PngLossless,T2,FHD
536,1609,RSU-0002,Offload,1769334136303755,1769334161660516,1769334161661832,1769334161661832,1769334176504674,1769334176504674,1769334177332318,1769334177332318,1769334177700276,41396521,1316,38801975,827644,1765586,827644,786107,13,yolov5m,PngLossless,T2,FHD
445,1336,RSU-0000,Offload,1769334127078723,1769334163197485,1769334163198782,1769334163198782,1769334177332358,1769334177332358,1769334178158711,1769334178158711,1769334178500069,51421346,1297,50434922,826353,158774,826353,791012,21,yolov5m,PngLossless,T2,FHD
536,1609,RSU-0001,Offload,1769334136303754,1769334163839459,1769334163840534,1769334163840534,1769334178158741,1769334178158742,1769334178988809,1769334178988809,1769334178999720,42695966,1075,40723834,830068,1140989,830067,786107,13,yolov5m,PngLossless,T2,FHD
549,1648,RSU-0002,Offload,1769334137620369,1769334163838337,1769334163839433,1769334163839434,1769334178988837,1769334178988837,1769334179819319,1769334179819319,1769334180563331,42942962,1097,40369467,830482,1741916,830482,795235,16,yolov5m,PngLossless,T2,FHD
460,1381,RSU-0000,Offload,1769334128598079,1769334165702893,1769334165704018,1769334165704019,1769334179819360,1769334179819360,1769334180630910,1769334180630911,1769334181344534,52746455,1126,51847132,811551,86646,811550,806803,20,yolov5m,PngLossless,T2,FHD
554,1663,RSU-0001,Offload,1769334138127199,1769334166577385,1769334166578346,1769334166578347,1769334180630941,1769334180630941,1769334181440652,1769334181440652,1769334182135861,44008662,962,42242008,809711,955981,809711,800383,17,yolov5m,PngLossless,T2,FHD
562,1687,RSU-0002,Offload,1769334138937083,1769334165860380,1769334165861591,1769334165861592,1769334181440697,1769334181440697,1769334182240963,1769334182240963,1769334182955655,44018572,1212,41383348,800266,1833746,800266,810259,17,yolov5m,PngLossless,T2,FHD
469,1408,RSU-0000,Offload,1769334129509992,1769334167751028,1769334167752279,1769334167752280,1769334182240999,1769334182240999,1769334183042547,1769334183042547,1769334183750147,54240155,1252,53271774,801548,165581,801548,805180,18,yolov5m,PngLossless,T2,FHD
564,1693,RSU-0001,Offload,1769334139139186,1769334168192955,1769334168193875,1769334168193876,1769334183042577,1769334183042578,1769334183859167,1769334183859167,1769334183882263,44743077,921,42856979,816590,1068587,816589,811112,19,yolov5m,PngLossless,T2,FHD
572,1717,RSU-0002,Offload,1769334139949021,1769334168188021,1769334168189146,1769334168189146,1769334183859198,1769334183859199,1769334184686344,1769334184686344,1769334184981649,45032628,1125,42127845,827146,2076512,827145,813587,20,yolov5m,PngLossless,T2,FHD
481,1444,RSU-0000,Offload,1769334130727010,1769334170412693,1769334170413867,1769334170413868,1769334184686387,1769334184686387,1769334185497538,1769334185497538,1769334185708523,54981513,1175,53921186,811151,248001,811151,789140,18,yolov5m,PngLossless,T2,FHD
577,1732,RSU-0001,Offload,1769334140456049,1769334171661316,1769334171662329,1769334171662330,1769334185497570,1769334185497570,1769334186319669,1769334186319669,1769334186576335,46120286,1014,44466546,822099,830627,822099,823467,19,yolov5m,PngLossless,T2,FHD
583,1750,RSU-0002,Offload,1769334141062205,1769334170609429,1769334170610478,1769334170610478,1769334186319709,1769334186319709,1769334187143837,1769334187143837,1769334187391932,46329727,1049,43725138,824128,1779412,824128,826752,18,yolov5m,PngLossless,T2,FHD
497,1492,RSU-0000,Offload,1769334132351776,1769334173815377,1769334173816542,1769334173816542,1769334187143877,1769334187143877,1769334187976038,1769334187976038,1769334188086082,55734306,1165,54830869,832161,70111,832161,808278,18,yolov5m,PngLossless,T2,FHD
592,1777,RSU-0001,Offload,1769334141972832,1769334174844406,1769334174869938,1769334174869938,1769334187976070,1769334187976070,1769334188804946,1769334188804946,1769334188999554,47026722,25532,45123455,828876,1048859,828876,835940,19,yolov5m,PngLossless,T2,FHD
592,1777,RSU-0002,Offload,1769334141972833,1769334172561460,1769334172568488,1769334172568488,1769334188804974,1769334188804975,1769334189641853,1769334189641854,1769334189642295,47669462,7028,44117032,836880,2708522,836878,835940,19,yolov5m,PngLossless,T2,FHD
536,1609,RSU-0000,Offload,1769334136303742,1769334182162908,1769334182164021,1769334182164021,1769334189641901,1769334189641901,1769334190481336,1769334190481336,1769334190561531,54257789,1113,53400245,839435,16996,839435,786107,13,yolov5m,PngLossless,T2,FHD
550,1651,RSU-0000,Offload,1769334137722271,1769334185008906,1769334185010060,1769334185010061,1769334190481370,1769334190481370,1769334191321085,1769334191321085,1769334191321122,53598851,1155,52739276,839715,18705,839715,791433,15,yolov5m,PngLossless,T2,FHD
564,1693,RSU-0000,Offload,1769334139139172,1769334187117379,1769334187118450,1769334187118450,1769334191321123,1769334191321123,1769334192160999,1769334192161000,1769334192163868,53024696,1071,52149523,839877,34225,839876,811112,19,yolov5m,PngLossless,T2,FHD
578,1735,RSU-0000,Offload,1769334140557332,1769334188068088,1769334188069143,1769334188069144,1769334192161036,1769334192161036,1769334192995412,1769334192995412,1769334193005728,52448396,1056,51545722,834376,67242,834376,829311,20,yolov5m,PngLossless,T2,FHD
591,1774,RSU-0000,Offload,1769334141872087,1769334188769876,1769334188771152,1769334188771153,1769334192995444,1769334192995444,1769334193743809,1769334193743809,1769334193743898,51871811,1277,51107655,748365,14514,748365,834573,18,yolov5m,PngLossless,T2,FHD
592,1777,RSU-0000,Offload,1769334141972809,1769334189000782,1769334189023274,1769334189023275,1769334193743848,1769334193743848,1769334194509094,1769334194509094,1769334194509349,52536540,22493,51047561,765246,701240,765246,835940,19,yolov5m,PngLossless,T2,FHD
